Store,  Rank, Revenue, NPS, Turn Time
759,1049,1034,834,1030
796,1004,1017,418,963
206,890,935,382,908
604,821,914,454,310
50,761,717,761,528
812,886,650,1013,578
16,608,408,429,1005
17,343,297,598,662
792,754,279,1030,991
19,103,193,414,498
240,139,174,461,571
1512,397,109,829,924
1034,219,49,247,699
1093,153,47,567,672
